video_title,class
Gas Law Formulas and Equations - College Chemistry Study Guide,chemistry
Projectile Motion and Conservation of Energy - College Physics,physics
Projectile Motion on an Incline Plane - College Physics,physics
Torque Vs Horsepower Explained - Automotive Car Engines & Physics,physics
Work Done By Gravity and Gravitational Potential Energy - Physics,Physics
Work and Kinetic Energy - Physics,Physics
"""Dot Product Formula of Power, Force, and Velocity""",The
"""Physics 1 Formulas and Equations - Kinematics, Projectile Motion, Force, Work, Energy, Power, Moment""",physics
Intensive and Extensive Properties of Matter - Chemistry,chemistry
What Is The Difference Between Work and Energy?,physics
Work Done By a Force - Incline Planes & Dot Product Formula - Physics,physics
Integration of Rational Functions By Completing The Square - Calculus,math
"""Probability Formulas, Symbols & Notations - Marginal, Joint, & Conditional Probabilities""",math
Projectile Motion - Maximum Range Angle - Physics & Calculus,physics
"""Atomicity - Monoatomic, Diatomic, Triatomic,  Polyatomic Ions and Elements""",chemistry
How To Determine The Charge of Elements and Ions - Chemistry,chemistry
Egg Drop Free Fall Physics Problem - Kinematics With Two Dimensions,physics
Proving Logarithmic Equations - College Algebra & Precalculus,math
How To Find The Inverse of Exponential Functions,math
Inverse of Logarithmic Functions - PreCalculus,math
Limits of Natural Logarithmic Functions - Calculus,math
Coefficient of Restitution - Inelastic Collisions and Elastic Collisions - Physics,physics
Alternate Form of The Limit Definition of the Derivative - Calculus,math
The Reciprocal Rule and The Quotient Rule - Derivative Calculus,math
Charging By Induction - Electrostatics,physics
The Signum Function - Basic Introduction,math
How To Find The Velocity From a Displacement-Time Graph,physics
Velocity and Position From Acceleration By Integration - Physics and Calculus,physics
Standard Deviation and Coefficient of Variation,math
How To Use Physics To Pull a Car Out of the Mud,physics
How To Find The Limit of a Composite Function Given Two Graphs,math
Maximum Area of a rectangle Inscribed In a Parabola,math
What Is a Light Year?,physics
How To Find The Acceleration From a Velocity Time Graph - Physics,Physics
How To Find The Limit of a Composite Function - Calculus,math
SI Base Units and Derived Units - Physics and Chemistry,physics
How To Find The Polynomial Function From a Graph,math
How To Find The Limit of a Polynomial Function - Calculus,math
How To Find The Square Root of a Negative Number,math
Solar Cell Efficiency,Physics
"""SI Metric Units of Length - km, m, cm, mm, in, ft, yd, miles""",math
How To Calculate Displacement From a Velocity-Time Graph,physics
Integration By Parts Formula Derivation,math
How To Calculate The Median Using a Formula - Statistics,math
Arithmetic Sequences Formulas - Algebra Math,math
Power Inverters - DC to AC Conversion,Class
Ohm's Law Formula,physics
How To Convert mm to Inches,math
Electrical Formulas - Basic Electricity For Beginners,physics
"""Types of Matter - Elements, Compounds, Mixtures, and Pure Substances""",chemistry
How To Calculate the Height of a Building Using Physics and The Quadratic Equation,physics
Properties of Functional Groups - Organic Chemistry,chemistry
How To Round Numbers Using Significant Figures,math
Physics For Beginners - Preparing For The Next School Semester,physics
Types of Energy - Basic Introduction,physics
Mechanical Energy - Basic Overview,physics
How To Calculate The Work Required To Compress a Spring,physics
How To Calculate The Stopping Distance of a Car - Calculus,math
Radical Equations - SAT Math Q5,math
Call Options For Beginners,The
What Is Density?,physics
Solving Multiple Equations - SAT Math Q4,math
Specific Gravity,Class
SAT Math Q3 - Cross Multiplication and Solving Linear Equations,math
What Is a Force?,physics
Equations of Motion,physics
Dividend Investing For Beginners,No
Balanced and Unbalanced Forces,physics
Simple Circuits,physics
How To Calculate The Height of a Building Using Trigonometry,math
How Long Does It Take Light To Travel From The Sun to The Earth,physics
Vertical Motion - Calculus,math
Introduction to Relays - The Working Principle,physics
The Four Fundamental Forces of Nature,physics
Escape Velocity,physics
Studying Tips For The Next College Semester Update - Comments Reviewed!,Class
The Siphon - Potential Energy,physics
Terminal Velocity,physics
SAT Math Q2 - Evaluating Algebraic Expressions,math
Math Olympiad Question on Factorials,math
How To Tell If The Limit Exists,math
SAT Math 1 - Factoring By Completing The Square,math
Conventional Current vs Electron Flow,Physics
Electric Power and The Cost of Electricity Using kWh,physics
Geometry Reflections,math
The Fundamental Counting Principle,math
How To Evaluate Binomial Coefficients,math
IRA - Individual Retirement Account Math Problem,math
How To Perform Elementary Row Operations Using Matrices,math
Which Investment Will Yield a Greater Return?,No
How To Find The Components of a Vector Given Magnitude and Direction,physics
How To Solve Quadratic Equations By Factoring,math
How To Use The Chain Rule To Find The Derivative of a Composite Function,math
How To Solve Exponential Equations Using Logarithms,math
Calculus 1 - Derivatives,math
Change of Base Formula of Logarithms,math
How To Find The Indefinite Integral,math
Simplifying Logarithmic Expressions,math
Math Olympiad Question,math
How To Convert an Exponential Equation into Logarithmic Form,math
General Chemistry 1 Final Exam Review,chemistry
How To Convert Logarithmic Equations to Exponential Form,math
Organic Chemistry 1 Final Exam Review,chemistry
Solving Logarithmic Equations,math
Physics Final Exam review,physics
Logarithms - Algebra,math
Fractional Exponents - Algebra,math
Derivatives of Inverse Hyperbolic Functions,math
Negative Exponents,math
Limits of Hyperbolic Functions,math
How To Find The Distance Between Two Points,math
Graphs of Inverse Hyperbolic Functions,math
How To Find The Slope of a Line That Passes Through 2 Points,math
Evaluating Inverse Hyperbolic Functions,math
Derivatives of Natural Log Functions - Calculus 1,math
Integral of Hyperbolic Functions,math
Calculus 1 - Limits,math
Derivatives of Hyperbolic Functions,math
Oxidation of Alcohols,chemistry
Derivatives of Exponential Functions - Calculus,math
Verifying Hyperbolic Trig Identities,math
Pinacol Rearrangement Reaction of Diols into Ketones,chemistry
Hyperbolic Trig Identities,math
Evaluating Hyperbolic Trig Functions,math
The Graphs of Hyperbolic Trig Functions,math
